Parent Type,Parent ID,SubSite ID,SubSite Name,SubSite Name(Arabic),SubSite Description,SubSite Location(Descriptive),SubSite Location(Coordinates - Dec),SubSite Location(Coordinates - Deg),SubSite Location(Google Link),Main Process or Equipment
Site,U11_S1,U11_S1_SS1,Sub Site 1,?????? ?????? 1,ACME Sub Site 1,Sub Site 1 is located at ACME Area 1,"24.84158886, 90.48005469","24°09'51"", 88°14'22""",,Remote Site
Site,U11_S1,U11_S1_SS2,Sub Site 2,?????? ?????? 2,ACME Sub Site 2,Sub Site 2 is located at ACME Area 2,"35.53631661, 78.77690799","27°10'53"", 85°46'27""",,Remote Site
Site,U11_S1,U11_S1_SS3,Sub Site 3,?????? ?????? 3,ACME Sub Site 3,Sub Site 3 is located at ACME Area 3,"23.39131215, 84.71894944","24°21'30"", 87°39'37""",,Remote Site
Site,U11_S1,U11_S1_SS4,Sub Site 4,?????? ?????? 4,ACME Sub Site 4,Sub Site 4 is located at ACME Area 4,"21.26205287, 80.84320262","27°39'15"", 75°38'46""",,Remote Site
Site,U11_S1,U11_S1_SS5,Sub Site 5,?????? ?????? 5,ACME Sub Site 5,Sub Site 5 is located at ACME Area 5,"28.37786702, 77.13204339","29°14'13"", 83°12'05""",,Remote Site
Site,U11_S2,U11_S2_SS1,Sub Site 1,?????? ?????? 1,ACME Sub Site 1,Sub Site 1 is located at ACME Area 1,"20.58090971, 81.54599062","25°47'44"", 80°30'40""",,Remote Site
Site,U11_S2,U11_S2_SS2,Sub Site 2,?????? ?????? 2,ACME Sub Site 2,Sub Site 2 is located at ACME Area 2,"20.78213911, 82.47102500","20°19'26"", 90°50'18""",,Remote Site
Site,U11_S2,U11_S2_SS3,Sub Site 3,?????? ?????? 3,ACME Sub Site 3,Sub Site 3 is located at ACME Area 3,"26.18422784, 83.49360165","21°27'07"", 89°42'47""",,Remote Site
Site,U11_S2,U11_S2_SS4,Sub Site 4,?????? ?????? 4,ACME Sub Site 4,Sub Site 4 is located at ACME Area 4,"24.74253827, 78.63992118","34°39'17"", 76°50'42""",,Remote Site
Site,U11_S2,U11_S2_SS5,Sub Site 5,?????? ?????? 5,ACME Sub Site 5,Sub Site 5 is located at ACME Area 5,"21.72136785, 85.73123391","34°18'20"", 87°42'11""",,Remote Site
Site,U11_S3,U11_S3_SS1,Sub Site 1,?????? ?????? 1,ACME Sub Site 1,Sub Site 1 is located at ACME Area 1,"22.48349890, 80.51251739","27°10'43"", 82°28'36""",,Remote Site
Site,U11_S3,U11_S3_SS2,Sub Site 2,?????? ?????? 2,ACME Sub Site 2,Sub Site 2 is located at ACME Area 2,"32.38825331, 85.41556396","31°25'38"", 75°45'34""",,Remote Site
Site,U11_S3,U11_S3_SS3,Sub Site 3,?????? ?????? 3,ACME Sub Site 3,Sub Site 3 is located at ACME Area 3,"21.40266574, 87.31379271","30°18'50"", 90°35'43""",,Remote Site
Site,U11_S3,U11_S3_SS4,Sub Site 4,?????? ?????? 4,ACME Sub Site 4,Sub Site 4 is located at ACME Area 4,"24.87280979, 90.19819577","31°42'05"", 75°51'56""",,Remote Site
Site,U11_S3,U11_S3_SS5,Sub Site 5,?????? ?????? 5,ACME Sub Site 5,Sub Site 5 is located at ACME Area 5,"27.23580759, 88.13324653","32°51'51"", 88°18'35""",,Remote Site
Site,U11_S4,U11_S4_SS1,Sub Site 1,?????? ?????? 1,ACME Sub Site 1,Sub Site 1 is located at ACME Area 1,"32.61065312, 89.79156360","25°23'00"", 90°17'51""",,Remote Site
Site,U11_S4,U11_S4_SS2,Sub Site 2,?????? ?????? 2,ACME Sub Site 2,Sub Site 2 is located at ACME Area 2,"29.75712544, 90.80661953","23°39'14"", 87°44'17""",,Remote Site
Site,U11_S4,U11_S4_SS3,Sub Site 3,?????? ?????? 3,ACME Sub Site 3,Sub Site 3 is located at ACME Area 3,"24.56883991, 77.35309453","31°41'26"", 77°08'12""",,Remote Site
Site,U11_S4,U11_S4_SS4,Sub Site 4,?????? ?????? 4,ACME Sub Site 4,Sub Site 4 is located at ACME Area 4,"23.20634358, 78.85057088","35°37'26"", 79°25'00""",,Remote Site
Site,U11_S4,U11_S4_SS5,Sub Site 5,?????? ?????? 5,ACME Sub Site 5,Sub Site 5 is located at ACME Area 5,"35.38819183, 85.78836821","27°18'41"", 83°38'17""",,Remote Site
Site,U11_S5,U11_S5_SS1,Sub Site 1,?????? ?????? 1,ACME Sub Site 1,Sub Site 1 is located at ACME Area 1,"34.43525341, 88.73080545","29°08'29"", 86°24'51""",,Remote Site
Site,U11_S5,U11_S5_SS2,Sub Site 2,?????? ?????? 2,ACME Sub Site 2,Sub Site 2 is located at ACME Area 2,"33.81562046, 75.60770827","23°50'47"", 79°07'26""",,Remote Site
Site,U11_S5,U11_S5_SS3,Sub Site 3,?????? ?????? 3,ACME Sub Site 3,Sub Site 3 is located at ACME Area 3,"22.76793815, 85.74267451","23°16'44"", 88°22'39""",,Remote Site
Site,U11_S5,U11_S5_SS4,Sub Site 4,?????? ?????? 4,ACME Sub Site 4,Sub Site 4 is located at ACME Area 4,"23.81548283, 81.72462603","20°50'03"", 77°42'41""",,Remote Site
Site,U11_S5,U11_S5_SS5,Sub Site 5,?????? ?????? 5,ACME Sub Site 5,Sub Site 5 is located at ACME Area 5,"31.16564670, 80.66968009","21°32'21"", 85°50'38""",,Remote Site
Site,U12_S1,U12_S1_SS1,Sub Site 1,?????? ?????? 1,ACME Sub Site 1,Sub Site 1 is located at ACME Area 1,"35.80198732, 84.27511712","33°33'08"", 75°50'00""",,Remote Site
Site,U12_S1,U12_S1_SS2,Sub Site 2,?????? ?????? 2,ACME Sub Site 2,Sub Site 2 is located at ACME Area 2,"31.59195007, 82.46346198","35°18'35"", 76°21'14""",,Remote Site
Site,U12_S1,U12_S1_SS3,Sub Site 3,?????? ?????? 3,ACME Sub Site 3,Sub Site 3 is located at ACME Area 3,"34.36385112, 85.57998978","21°38'32"", 85°39'00""",,Remote Site
Site,U12_S1,U12_S1_SS4,Sub Site 4,?????? ?????? 4,ACME Sub Site 4,Sub Site 4 is located at ACME Area 4,"32.69756661, 89.53580250","31°09'50"", 90°23'48""",,Remote Site
Site,U12_S1,U12_S1_SS5,Sub Site 5,?????? ?????? 5,ACME Sub Site 5,Sub Site 5 is located at ACME Area 5,"28.35648779, 75.34135674","27°15'24"", 83°15'45""",,Remote Site
Site,U12_S2,U12_S2_SS1,Sub Site 1,?????? ?????? 1,ACME Sub Site 1,Sub Site 1 is located at ACME Area 1,"27.22563985, 84.18536197","35°40'09"", 90°32'15""",,Remote Site
Site,U12_S2,U12_S2_SS2,Sub Site 2,?????? ?????? 2,ACME Sub Site 2,Sub Site 2 is located at ACME Area 2,"26.71097038, 84.78905626","35°47'17"", 88°45'02""",,Remote Site
Site,U12_S2,U12_S2_SS3,Sub Site 3,?????? ?????? 3,ACME Sub Site 3,Sub Site 3 is located at ACME Area 3,"30.40425994, 86.85388857","30°35'51"", 76°43'42""",,Remote Site
Site,U12_S2,U12_S2_SS4,Sub Site 4,?????? ?????? 4,ACME Sub Site 4,Sub Site 4 is located at ACME Area 4,"27.37189662, 82.21857256","34°28'30"", 89°45'34""",,Remote Site
Site,U12_S2,U12_S2_SS5,Sub Site 5,?????? ?????? 5,ACME Sub Site 5,Sub Site 5 is located at ACME Area 5,"30.13006109, 79.25395877","28°50'19"", 78°51'31""",,Remote Site
Site,U12_S3,U12_S3_SS1,Sub Site 1,?????? ?????? 1,ACME Sub Site 1,Sub Site 1 is located at ACME Area 1,"34.43208421, 75.42345998","33°40'27"", 83°13'48""",,Remote Site
Site,U12_S3,U12_S3_SS2,Sub Site 2,?????? ?????? 2,ACME Sub Site 2,Sub Site 2 is located at ACME Area 2,"25.46158248, 77.16820587","24°08'20"", 80°40'15""",,Remote Site
Site,U12_S3,U12_S3_SS3,Sub Site 3,?????? ?????? 3,ACME Sub Site 3,Sub Site 3 is located at ACME Area 3,"32.64889757, 81.48996034","29°47'58"", 79°17'47""",,Remote Site
Site,U12_S3,U12_S3_SS4,Sub Site 4,?????? ?????? 4,ACME Sub Site 4,Sub Site 4 is located at ACME Area 4,"24.42623151, 86.78765172","28°30'49"", 78°15'49""",,Remote Site
Site,U12_S3,U12_S3_SS5,Sub Site 5,?????? ?????? 5,ACME Sub Site 5,Sub Site 5 is located at ACME Area 5,"25.52277646, 87.67908665","33°42'15"", 85°22'50""",,Remote Site
Site,U12_S4,U12_S4_SS1,Sub Site 1,?????? ?????? 1,ACME Sub Site 1,Sub Site 1 is located at ACME Area 1,"20.87369685, 89.14469291","27°21'32"", 90°30'25""",,Remote Site
Site,U12_S4,U12_S4_SS2,Sub Site 2,?????? ?????? 2,ACME Sub Site 2,Sub Site 2 is located at ACME Area 2,"29.15481230, 82.87326704","33°40'29"", 89°21'21""",,Remote Site
Site,U12_S4,U12_S4_SS3,Sub Site 3,?????? ?????? 3,ACME Sub Site 3,Sub Site 3 is located at ACME Area 3,"29.49176979, 75.23365211","32°38'27"", 85°13'48""",,Remote Site
Site,U12_S4,U12_S4_SS4,Sub Site 4,?????? ?????? 4,ACME Sub Site 4,Sub Site 4 is located at ACME Area 4,"24.30796779, 86.48845402","22°42'26"", 77°31'22""",,Remote Site
Site,U12_S4,U12_S4_SS5,Sub Site 5,?????? ?????? 5,ACME Sub Site 5,Sub Site 5 is located at ACME Area 5,"23.32704026, 84.14866015","24°32'01"", 86°23'37""",,Remote Site
Site,U12_S5,U12_S5_SS1,Sub Site 1,?????? ?????? 1,ACME Sub Site 1,Sub Site 1 is located at ACME Area 1,"22.83420083, 76.63561197","28°15'45"", 78°47'47""",,Remote Site
Site,U12_S5,U12_S5_SS2,Sub Site 2,?????? ?????? 2,ACME Sub Site 2,Sub Site 2 is located at ACME Area 2,"21.63045462, 86.19344619","25°21'49"", 83°10'45""",,Remote Site
Site,U12_S5,U12_S5_SS3,Sub Site 3,?????? ?????? 3,ACME Sub Site 3,Sub Site 3 is located at ACME Area 3,"33.23907786, 79.31413074","25°44'31"", 89°38'02""",,Remote Site
Site,U12_S5,U12_S5_SS4,Sub Site 4,?????? ?????? 4,ACME Sub Site 4,Sub Site 4 is located at ACME Area 4,"33.44892681, 81.51779922","35°37'00"", 81°29'24""",,Remote Site
Site,U12_S5,U12_S5_SS5,Sub Site 5,?????? ?????? 5,ACME Sub Site 5,Sub Site 5 is located at ACME Area 5,"33.39193150, 87.23603523","21°09'13"", 86°18'11""",,Remote Site
Site,U13_S1,U13_S1_SS1,Sub Site 1,?????? ?????? 1,ACME Sub Site 1,Sub Site 1 is located at ACME Area 1,"26.29583947, 87.65506510","33°27'13"", 75°48'09""",,Remote Site
Site,U13_S1,U13_S1_SS2,Sub Site 2,?????? ?????? 2,ACME Sub Site 2,Sub Site 2 is located at ACME Area 2,"34.17161331, 78.32367279","27°23'28"", 86°47'51""",,Remote Site
Site,U13_S1,U13_S1_SS3,Sub Site 3,?????? ?????? 3,ACME Sub Site 3,Sub Site 3 is located at ACME Area 3,"29.87104213, 88.31925350","23°31'00"", 89°34'21""",,Remote Site
Site,U13_S1,U13_S1_SS4,Sub Site 4,?????? ?????? 4,ACME Sub Site 4,Sub Site 4 is located at ACME Area 4,"32.29379336, 90.23985961","21°09'33"", 80°49'42""",,Remote Site
Site,U13_S1,U13_S1_SS5,Sub Site 5,?????? ?????? 5,ACME Sub Site 5,Sub Site 5 is located at ACME Area 5,"22.28309256, 80.46145667","27°27'35"", 89°30'27""",,Remote Site
Site,U13_S2,U13_S2_SS1,Sub Site 1,?????? ?????? 1,ACME Sub Site 1,Sub Site 1 is located at ACME Area 1,"32.67101529, 79.81774068","31°30'17"", 80°48'38""",,Remote Site
Site,U13_S2,U13_S2_SS2,Sub Site 2,?????? ?????? 2,ACME Sub Site 2,Sub Site 2 is located at ACME Area 2,"28.47076969, 80.34853386","26°12'37"", 85°21'57""",,Remote Site
Site,U13_S2,U13_S2_SS3,Sub Site 3,?????? ?????? 3,ACME Sub Site 3,Sub Site 3 is located at ACME Area 3,"23.20539165, 86.62689011","22°32'58"", 86°26'38""",,Remote Site
Site,U13_S2,U13_S2_SS4,Sub Site 4,?????? ?????? 4,ACME Sub Site 4,Sub Site 4 is located at ACME Area 4,"34.82915145, 79.23008224","30°46'24"", 87°41'30""",,Remote Site
Site,U13_S2,U13_S2_SS5,Sub Site 5,?????? ?????? 5,ACME Sub Site 5,Sub Site 5 is located at ACME Area 5,"33.17311363, 90.12662628","23°38'54"", 77°15'59""",,Remote Site
Site,U13_S3,U13_S3_SS1,Sub Site 1,?????? ?????? 1,ACME Sub Site 1,Sub Site 1 is located at ACME Area 1,"26.47135106, 88.30376031","33°13'14"", 79°30'30""",,Remote Site
Site,U13_S3,U13_S3_SS2,Sub Site 2,?????? ?????? 2,ACME Sub Site 2,Sub Site 2 is located at ACME Area 2,"30.63754521, 86.15796325","25°36'11"", 85°48'22""",,Remote Site
Site,U13_S3,U13_S3_SS3,Sub Site 3,?????? ?????? 3,ACME Sub Site 3,Sub Site 3 is located at ACME Area 3,"31.76124710, 77.56080799","27°21'42"", 85°21'45""",,Remote Site
Site,U13_S3,U13_S3_SS4,Sub Site 4,?????? ?????? 4,ACME Sub Site 4,Sub Site 4 is located at ACME Area 4,"34.81004770, 81.65575805","23°28'04"", 75°32'53""",,Remote Site
Site,U13_S3,U13_S3_SS5,Sub Site 5,?????? ?????? 5,ACME Sub Site 5,Sub Site 5 is located at ACME Area 5,"21.60501067, 81.35386810","33°17'46"", 85°08'35""",,Remote Site
Site,U13_S4,U13_S4_SS1,Sub Site 1,?????? ?????? 1,ACME Sub Site 1,Sub Site 1 is located at ACME Area 1,"22.48953910, 75.77579420","27°51'36"", 88°42'55""",,Remote Site
Site,U13_S4,U13_S4_SS2,Sub Site 2,?????? ?????? 2,ACME Sub Site 2,Sub Site 2 is located at ACME Area 2,"28.40961199, 84.82048757","33°11'25"", 79°41'59""",,Remote Site
Site,U13_S4,U13_S4_SS3,Sub Site 3,?????? ?????? 3,ACME Sub Site 3,Sub Site 3 is located at ACME Area 3,"22.13232138, 90.55523732","23°29'41"", 88°46'18""",,Remote Site
Site,U13_S4,U13_S4_SS4,Sub Site 4,?????? ?????? 4,ACME Sub Site 4,Sub Site 4 is located at ACME Area 4,"33.83786965, 80.79138479","28°08'33"", 83°25'17""",,Remote Site
Site,U13_S4,U13_S4_SS5,Sub Site 5,?????? ?????? 5,ACME Sub Site 5,Sub Site 5 is located at ACME Area 5,"33.42657592, 79.49460751","33°23'01"", 77°20'43""",,Remote Site
Site,U13_S5,U13_S5_SS1,Sub Site 1,?????? ?????? 1,ACME Sub Site 1,Sub Site 1 is located at ACME Area 1,"28.65457852, 79.58072432","23°27'36"", 76°38'33""",,Remote Site
Site,U13_S5,U13_S5_SS2,Sub Site 2,?????? ?????? 2,ACME Sub Site 2,Sub Site 2 is located at ACME Area 2,"34.64813184, 84.57562286","34°40'59"", 85°26'56""",,Remote Site
Site,U13_S5,U13_S5_SS3,Sub Site 3,?????? ?????? 3,ACME Sub Site 3,Sub Site 3 is located at ACME Area 3,"32.37061684, 83.42875622","21°22'47"", 78°17'01""",,Remote Site
Site,U13_S5,U13_S5_SS4,Sub Site 4,?????? ?????? 4,ACME Sub Site 4,Sub Site 4 is located at ACME Area 4,"26.17048097, 80.51292330","30°21'46"", 82°21'04""",,Remote Site
Site,U13_S5,U13_S5_SS5,Sub Site 5,?????? ?????? 5,ACME Sub Site 5,Sub Site 5 is located at ACME Area 5,"25.79093512, 85.49787924","24°37'13"", 84°26'08""",,Remote Site
Site,U14_S1,U14_S1_SS1,Sub Site 1,?????? ?????? 1,ACME Sub Site 1,Sub Site 1 is located at ACME Area 1,"27.42216026, 80.53710072","33°29'22"", 81°39'23""",,Remote Site
Site,U14_S1,U14_S1_SS2,Sub Site 2,?????? ?????? 2,ACME Sub Site 2,Sub Site 2 is located at ACME Area 2,"20.26143207, 84.26668505","22°18'38"", 80°22'04""",,Remote Site
Site,U14_S1,U14_S1_SS3,Sub Site 3,?????? ?????? 3,ACME Sub Site 3,Sub Site 3 is located at ACME Area 3,"25.80606688, 83.87321522","29°40'28"", 84°41'27""",,Remote Site
Site,U14_S1,U14_S1_SS4,Sub Site 4,?????? ?????? 4,ACME Sub Site 4,Sub Site 4 is located at ACME Area 4,"29.66776059, 84.16943897","31°47'56"", 90°36'01""",,Remote Site
Site,U14_S1,U14_S1_SS5,Sub Site 5,?????? ?????? 5,ACME Sub Site 5,Sub Site 5 is located at ACME Area 5,"33.27148610, 82.59028278","29°37'20"", 75°49'24""",,Remote Site
Site,U14_S2,U14_S2_SS1,Sub Site 1,?????? ?????? 1,ACME Sub Site 1,Sub Site 1 is located at ACME Area 1,"35.83334127, 78.29095367","23°23'24"", 82°13'14""",,Remote Site
Site,U14_S2,U14_S2_SS2,Sub Site 2,?????? ?????? 2,ACME Sub Site 2,Sub Site 2 is located at ACME Area 2,"34.84451603, 84.87288166","20°26'53"", 80°18'42""",,Remote Site
Site,U14_S2,U14_S2_SS3,Sub Site 3,?????? ?????? 3,ACME Sub Site 3,Sub Site 3 is located at ACME Area 3,"33.54844807, 86.72387835","27°52'17"", 85°45'13""",,Remote Site
Site,U14_S2,U14_S2_SS4,Sub Site 4,?????? ?????? 4,ACME Sub Site 4,Sub Site 4 is located at ACME Area 4,"28.71073563, 87.33657847","33°15'21"", 84°42'51""",,Remote Site
Site,U14_S2,U14_S2_SS5,Sub Site 5,?????? ?????? 5,ACME Sub Site 5,Sub Site 5 is located at ACME Area 5,"24.51547905, 90.72271088","26°26'16"", 85°40'30""",,Remote Site
Site,U14_S3,U14_S3_SS1,Sub Site 1,?????? ?????? 1,ACME Sub Site 1,Sub Site 1 is located at ACME Area 1,"28.70940666, 86.75884721","32°21'04"", 75°45'43""",,Remote Site
Site,U14_S3,U14_S3_SS2,Sub Site 2,?????? ?????? 2,ACME Sub Site 2,Sub Site 2 is located at ACME Area 2,"21.14861863, 76.23386409","21°28'51"", 90°21'41""",,Remote Site
Site,U14_S3,U14_S3_SS3,Sub Site 3,?????? ?????? 3,ACME Sub Site 3,Sub Site 3 is located at ACME Area 3,"31.46228513, 88.80335412","34°49'56"", 75°38'30""",,Remote Site
Site,U14_S3,U14_S3_SS4,Sub Site 4,?????? ?????? 4,ACME Sub Site 4,Sub Site 4 is located at ACME Area 4,"30.14326678, 88.46691305","30°25'25"", 78°24'54""",,Remote Site
Site,U14_S3,U14_S3_SS5,Sub Site 5,?????? ?????? 5,ACME Sub Site 5,Sub Site 5 is located at ACME Area 5,"20.68783683, 79.84620552","35°33'28"", 78°38'44""",,Remote Site
Site,U14_S4,U14_S4_SS1,Sub Site 1,?????? ?????? 1,ACME Sub Site 1,Sub Site 1 is located at ACME Area 1,"29.34244828, 77.47087007","29°30'53"", 90°15'32""",,Remote Site
Site,U14_S4,U14_S4_SS2,Sub Site 2,?????? ?????? 2,ACME Sub Site 2,Sub Site 2 is located at ACME Area 2,"26.37988864, 87.22870143","26°48'21"", 85°20'24""",,Remote Site
Site,U14_S4,U14_S4_SS3,Sub Site 3,?????? ?????? 3,ACME Sub Site 3,Sub Site 3 is located at ACME Area 3,"32.80048311, 81.52067638","23°34'13"", 77°17'26""",,Remote Site
Site,U14_S4,U14_S4_SS4,Sub Site 4,?????? ?????? 4,ACME Sub Site 4,Sub Site 4 is located at ACME Area 4,"27.81362525, 76.19324098","22°14'30"", 86°49'45""",,Remote Site
Site,U14_S4,U14_S4_SS5,Sub Site 5,?????? ?????? 5,ACME Sub Site 5,Sub Site 5 is located at ACME Area 5,"29.69215649, 83.33477657","35°49'18"", 90°24'26""",,Remote Site
Site,U14_S5,U14_S5_SS1,Sub Site 1,?????? ?????? 1,ACME Sub Site 1,Sub Site 1 is located at ACME Area 1,"25.49344986, 88.77305315","21°50'22"", 78°20'46""",,Remote Site
Site,U14_S5,U14_S5_SS2,Sub Site 2,?????? ?????? 2,ACME Sub Site 2,Sub Site 2 is located at ACME Area 2,"22.79189998, 84.51362739","31°20'31"", 78°35'01""",,Remote Site
Site,U14_S5,U14_S5_SS3,Sub Site 3,?????? ?????? 3,ACME Sub Site 3,Sub Site 3 is located at ACME Area 3,"23.61458368, 84.56132697","31°11'29"", 76°12'27""",,Remote Site
Site,U14_S5,U14_S5_SS4,Sub Site 4,?????? ?????? 4,ACME Sub Site 4,Sub Site 4 is located at ACME Area 4,"31.27431117, 86.36744461","28°36'23"", 86°31'15""",,Remote Site
Site,U14_S5,U14_S5_SS5,Sub Site 5,?????? ?????? 5,ACME Sub Site 5,Sub Site 5 is located at ACME Area 5,"34.24574900, 80.12571217","32°24'25"", 78°10'37""",,Remote Site
Site,U15_S1,U15_S1_SS1,Sub Site 1,?????? ?????? 1,ACME Sub Site 1,Sub Site 1 is located at ACME Area 1,"34.23634951, 80.76864755","35°43'32"", 77°20'00""",,Remote Site
Site,U15_S1,U15_S1_SS2,Sub Site 2,?????? ?????? 2,ACME Sub Site 2,Sub Site 2 is located at ACME Area 2,"33.19801799, 80.77988124","30°12'38"", 79°43'40""",,Remote Site
Site,U15_S1,U15_S1_SS3,Sub Site 3,?????? ?????? 3,ACME Sub Site 3,Sub Site 3 is located at ACME Area 3,"28.33758373, 85.36807009","28°41'38"", 75°34'13""",,Remote Site
Site,U15_S1,U15_S1_SS4,Sub Site 4,?????? ?????? 4,ACME Sub Site 4,Sub Site 4 is located at ACME Area 4,"20.63629769, 88.15799871","21°48'42"", 81°18'57""",,Remote Site
Site,U15_S1,U15_S1_SS5,Sub Site 5,?????? ?????? 5,ACME Sub Site 5,Sub Site 5 is located at ACME Area 5,"27.26662682, 88.35599176","34°32'14"", 88°26'14""",,Remote Site
Site,U15_S2,U15_S2_SS1,Sub Site 1,?????? ?????? 1,ACME Sub Site 1,Sub Site 1 is located at ACME Area 1,"20.70226633, 78.61210337","30°13'36"", 86°23'56""",,Remote Site
Site,U15_S2,U15_S2_SS2,Sub Site 2,?????? ?????? 2,ACME Sub Site 2,Sub Site 2 is located at ACME Area 2,"23.84504436, 89.47955196","25°16'25"", 83°21'17""",,Remote Site
Site,U15_S2,U15_S2_SS3,Sub Site 3,?????? ?????? 3,ACME Sub Site 3,Sub Site 3 is located at ACME Area 3,"33.81886485, 79.51036038","28°40'16"", 80°38'59""",,Remote Site
Site,U15_S2,U15_S2_SS4,Sub Site 4,?????? ?????? 4,ACME Sub Site 4,Sub Site 4 is located at ACME Area 4,"24.74498622, 86.45947219","23°10'58"", 89°30'05""",,Remote Site
Site,U15_S2,U15_S2_SS5,Sub Site 5,?????? ?????? 5,ACME Sub Site 5,Sub Site 5 is located at ACME Area 5,"22.63690727, 81.49900459","34°13'10"", 82°32'02""",,Remote Site
Site,U15_S3,U15_S3_SS1,Sub Site 1,?????? ?????? 1,ACME Sub Site 1,Sub Site 1 is located at ACME Area 1,"25.52560184, 76.18816581","23°12'04"", 89°51'47""",,Remote Site
Site,U15_S3,U15_S3_SS2,Sub Site 2,?????? ?????? 2,ACME Sub Site 2,Sub Site 2 is located at ACME Area 2,"35.40622558, 86.68536208","23°35'48"", 86°21'06""",,Remote Site
Site,U15_S3,U15_S3_SS3,Sub Site 3,?????? ?????? 3,ACME Sub Site 3,Sub Site 3 is located at ACME Area 3,"20.75697335, 87.58129633","26°26'12"", 82°10'15""",,Remote Site
Site,U15_S3,U15_S3_SS4,Sub Site 4,?????? ?????? 4,ACME Sub Site 4,Sub Site 4 is located at ACME Area 4,"28.70022205, 89.64177962","25°28'55"", 84°32'51""",,Remote Site
Site,U15_S3,U15_S3_SS5,Sub Site 5,?????? ?????? 5,ACME Sub Site 5,Sub Site 5 is located at ACME Area 5,"25.69667337, 89.55564453","25°30'08"", 87°24'24""",,Remote Site
Site,U15_S4,U15_S4_SS1,Sub Site 1,?????? ?????? 1,ACME Sub Site 1,Sub Site 1 is located at ACME Area 1,"28.66692107, 77.61298101","25°20'47"", 86°27'59""",,Remote Site
Site,U15_S4,U15_S4_SS2,Sub Site 2,?????? ?????? 2,ACME Sub Site 2,Sub Site 2 is located at ACME Area 2,"35.75329580, 83.44226776","24°42'23"", 84°47'56""",,Remote Site
Site,U15_S4,U15_S4_SS3,Sub Site 3,?????? ?????? 3,ACME Sub Site 3,Sub Site 3 is located at ACME Area 3,"32.26238163, 84.12532924","29°27'24"", 75°24'41""",,Remote Site
Site,U15_S4,U15_S4_SS4,Sub Site 4,?????? ?????? 4,ACME Sub Site 4,Sub Site 4 is located at ACME Area 4,"34.27384350, 80.25400787","28°36'40"", 87°17'44""",,Remote Site
Site,U15_S4,U15_S4_SS5,Sub Site 5,?????? ?????? 5,ACME Sub Site 5,Sub Site 5 is located at ACME Area 5,"23.54011116, 84.84008932","24°41'43"", 84°43'55""",,Remote Site
Site,U15_S5,U15_S5_SS1,Sub Site 1,?????? ?????? 1,ACME Sub Site 1,Sub Site 1 is located at ACME Area 1,"21.37848429, 78.47538000","26°33'39"", 81°07'47""",,Remote Site
Site,U15_S5,U15_S5_SS2,Sub Site 2,?????? ?????? 2,ACME Sub Site 2,Sub Site 2 is located at ACME Area 2,"24.37538137, 84.20425797","31°21'42"", 86°18'50""",,Remote Site
Site,U15_S5,U15_S5_SS3,Sub Site 3,?????? ?????? 3,ACME Sub Site 3,Sub Site 3 is located at ACME Area 3,"28.71553654, 80.55368698","32°36'38"", 90°27'52""",,Remote Site
Site,U15_S5,U15_S5_SS4,Sub Site 4,?????? ?????? 4,ACME Sub Site 4,Sub Site 4 is located at ACME Area 4,"30.24011687, 86.20147746","28°10'40"", 84°37'32""",,Remote Site
Site,U15_S5,U15_S5_SS5,Sub Site 5,?????? ?????? 5,ACME Sub Site 5,Sub Site 5 is located at ACME Area 5,"20.58985061, 90.85850094","24°14'31"", 78°48'37""",,Remote Site
Site,U21_S1,U21_S1_SS1,Sub Site 1,?????? ?????? 1,ACME Sub Site 1,Sub Site 1 is located at ACME Area 1,"34.24792559, 82.64815441","21°15'58"", 78°52'20""",,Remote Site
Site,U21_S1,U21_S1_SS2,Sub Site 2,?????? ?????? 2,ACME Sub Site 2,Sub Site 2 is located at ACME Area 2,"24.79901001, 85.17332719","25°40'28"", 76°08'04""",,Remote Site
Site,U21_S1,U21_S1_SS3,Sub Site 3,?????? ?????? 3,ACME Sub Site 3,Sub Site 3 is located at ACME Area 3,"28.33662791, 80.29336482","31°15'24"", 89°12'00""",,Remote Site
Site,U21_S1,U21_S1_SS4,Sub Site 4,?????? ?????? 4,ACME Sub Site 4,Sub Site 4 is located at ACME Area 4,"25.22787326, 84.19603124","20°40'39"", 85°35'56""",,Remote Site
Site,U21_S1,U21_S1_SS5,Sub Site 5,?????? ?????? 5,ACME Sub Site 5,Sub Site 5 is located at ACME Area 5,"21.75997837, 85.29564956","26°31'14"", 75°16'02""",,Remote Site
Site,U21_S2,U21_S2_SS1,Sub Site 1,?????? ?????? 1,ACME Sub Site 1,Sub Site 1 is located at ACME Area 1,"33.64973722, 78.59352794","24°20'26"", 79°21'41""",,Remote Site
Site,U21_S2,U21_S2_SS2,Sub Site 2,?????? ?????? 2,ACME Sub Site 2,Sub Site 2 is located at ACME Area 2,"30.53351794, 79.40662699","30°08'45"", 85°12'05""",,Remote Site
Site,U21_S2,U21_S2_SS3,Sub Site 3,?????? ?????? 3,ACME Sub Site 3,Sub Site 3 is located at ACME Area 3,"31.51580194, 75.70132325","21°14'06"", 75°13'59""",,Remote Site
Site,U21_S2,U21_S2_SS4,Sub Site 4,?????? ?????? 4,ACME Sub Site 4,Sub Site 4 is located at ACME Area 4,"28.83606403, 82.17904025","34°16'00"", 80°24'06""",,Remote Site
Site,U21_S2,U21_S2_SS5,Sub Site 5,?????? ?????? 5,ACME Sub Site 5,Sub Site 5 is located at ACME Area 5,"20.45639763, 89.59740518","32°26'47"", 89°39'51""",,Remote Site
Site,U21_S3,U21_S3_SS1,Sub Site 1,?????? ?????? 1,ACME Sub Site 1,Sub Site 1 is located at ACME Area 1,"26.81729046, 80.70553888","27°18'21"", 76°38'28""",,Remote Site
Site,U21_S3,U21_S3_SS2,Sub Site 2,?????? ?????? 2,ACME Sub Site 2,Sub Site 2 is located at ACME Area 2,"29.46396558, 90.21085918","22°51'14"", 83°47'23""",,Remote Site
Site,U21_S3,U21_S3_SS3,Sub Site 3,?????? ?????? 3,ACME Sub Site 3,Sub Site 3 is located at ACME Area 3,"34.22906077, 87.20171832","32°16'16"", 78°48'59""",,Remote Site
Site,U21_S3,U21_S3_SS4,Sub Site 4,?????? ?????? 4,ACME Sub Site 4,Sub Site 4 is located at ACME Area 4,"26.82946490, 81.78174567","21°13'22"", 80°49'01""",,Remote Site
Site,U21_S3,U21_S3_SS5,Sub Site 5,?????? ?????? 5,ACME Sub Site 5,Sub Site 5 is located at ACME Area 5,"21.50783781, 78.31520786","26°15'59"", 84°37'21""",,Remote Site
Site,U21_S4,U21_S4_SS1,Sub Site 1,?????? ?????? 1,ACME Sub Site 1,Sub Site 1 is located at ACME Area 1,"35.54875813, 79.43757217","28°08'00"", 77°47'38""",,Remote Site
Site,U21_S4,U21_S4_SS2,Sub Site 2,?????? ?????? 2,ACME Sub Site 2,Sub Site 2 is located at ACME Area 2,"29.18290517, 80.67078857","24°49'38"", 84°36'01""",,Remote Site
Site,U21_S4,U21_S4_SS3,Sub Site 3,?????? ?????? 3,ACME Sub Site 3,Sub Site 3 is located at ACME Area 3,"29.74679259, 77.35303846","35°37'55"", 80°17'52""",,Remote Site
Site,U21_S4,U21_S4_SS4,Sub Site 4,?????? ?????? 4,ACME Sub Site 4,Sub Site 4 is located at ACME Area 4,"28.86963247, 86.85419237","22°17'34"", 79°47'31""",,Remote Site
Site,U21_S4,U21_S4_SS5,Sub Site 5,?????? ?????? 5,ACME Sub Site 5,Sub Site 5 is located at ACME Area 5,"21.32140742, 87.41133289","29°22'46"", 81°29'42""",,Remote Site
Site,U21_S5,U21_S5_SS1,Sub Site 1,?????? ?????? 1,ACME Sub Site 1,Sub Site 1 is located at ACME Area 1,"32.44001662, 78.21918705","34°28'43"", 83°49'58""",,Remote Site
Site,U21_S5,U21_S5_SS2,Sub Site 2,?????? ?????? 2,ACME Sub Site 2,Sub Site 2 is located at ACME Area 2,"24.63934642, 80.60014133","29°33'52"", 76°15'59""",,Remote Site
Site,U21_S5,U21_S5_SS3,Sub Site 3,?????? ?????? 3,ACME Sub Site 3,Sub Site 3 is located at ACME Area 3,"31.51829443, 88.57484618","28°15'32"", 76°33'14""",,Remote Site
Site,U21_S5,U21_S5_SS4,Sub Site 4,?????? ?????? 4,ACME Sub Site 4,Sub Site 4 is located at ACME Area 4,"25.59955043, 77.39796687","33°50'08"", 80°44'22""",,Remote Site
Site,U21_S5,U21_S5_SS5,Sub Site 5,?????? ?????? 5,ACME Sub Site 5,Sub Site 5 is located at ACME Area 5,"34.70709032, 80.53560482","31°18'58"", 77°31'47""",,Remote Site
Site,U22_S1,U22_S1_SS1,Sub Site 1,?????? ?????? 1,ACME Sub Site 1,Sub Site 1 is located at ACME Area 1,"34.63839897, 77.74392154","27°33'53"", 87°43'41""",,Remote Site
Site,U22_S1,U22_S1_SS2,Sub Site 2,?????? ?????? 2,ACME Sub Site 2,Sub Site 2 is located at ACME Area 2,"35.74933146, 83.12656797","35°51'42"", 77°36'55""",,Remote Site
Site,U22_S1,U22_S1_SS3,Sub Site 3,?????? ?????? 3,ACME Sub Site 3,Sub Site 3 is located at ACME Area 3,"25.71763063, 89.53507182","22°16'26"", 81°41'45""",,Remote Site
Site,U22_S1,U22_S1_SS4,Sub Site 4,?????? ?????? 4,ACME Sub Site 4,Sub Site 4 is located at ACME Area 4,"30.20153861, 81.68117897","22°49'50"", 81°44'25""",,Remote Site
Site,U22_S1,U22_S1_SS5,Sub Site 5,?????? ?????? 5,ACME Sub Site 5,Sub Site 5 is located at ACME Area 5,"22.83381560, 77.18157744","24°14'38"", 82°20'50""",,Remote Site
Site,U22_S2,U22_S2_SS1,Sub Site 1,?????? ?????? 1,ACME Sub Site 1,Sub Site 1 is located at ACME Area 1,"25.49181363, 76.69301435","20°11'03"", 88°24'28""",,Remote Site
Site,U22_S2,U22_S2_SS2,Sub Site 2,?????? ?????? 2,ACME Sub Site 2,Sub Site 2 is located at ACME Area 2,"28.75743591, 80.68833218","32°25'08"", 83°14'04""",,Remote Site
Site,U22_S2,U22_S2_SS3,Sub Site 3,?????? ?????? 3,ACME Sub Site 3,Sub Site 3 is located at ACME Area 3,"22.64441333, 87.86051490","20°12'49"", 82°36'14""",,Remote Site
Site,U22_S2,U22_S2_SS4,Sub Site 4,?????? ?????? 4,ACME Sub Site 4,Sub Site 4 is located at ACME Area 4,"21.29032917, 88.24974784","32°30'16"", 87°14'08""",,Remote Site
Site,U22_S2,U22_S2_SS5,Sub Site 5,?????? ?????? 5,ACME Sub Site 5,Sub Site 5 is located at ACME Area 5,"34.68493396, 81.74408183","26°37'02"", 84°14'12""",,Remote Site
Site,U22_S3,U22_S3_SS1,Sub Site 1,?????? ?????? 1,ACME Sub Site 1,Sub Site 1 is located at ACME Area 1,"28.13649318, 75.30523516","29°35'32"", 77°42'30""",,Remote Site
Site,U22_S3,U22_S3_SS2,Sub Site 2,?????? ?????? 2,ACME Sub Site 2,Sub Site 2 is located at ACME Area 2,"33.70775295, 86.56075258","32°27'07"", 82°13'43""",,Remote Site
Site,U22_S3,U22_S3_SS3,Sub Site 3,?????? ?????? 3,ACME Sub Site 3,Sub Site 3 is located at ACME Area 3,"20.40627571, 76.65065416","24°42'23"", 87°26'47""",,Remote Site
Site,U22_S3,U22_S3_SS4,Sub Site 4,?????? ?????? 4,ACME Sub Site 4,Sub Site 4 is located at ACME Area 4,"33.70984470, 85.75170250","22°36'40"", 83°13'00""",,Remote Site
Site,U22_S3,U22_S3_SS5,Sub Site 5,?????? ?????? 5,ACME Sub Site 5,Sub Site 5 is located at ACME Area 5,"25.50823468, 88.70039722","26°20'20"", 85°16'45""",,Remote Site
Site,U22_S4,U22_S4_SS1,Sub Site 1,?????? ?????? 1,ACME Sub Site 1,Sub Site 1 is located at ACME Area 1,"33.34976921, 78.83277294","23°16'36"", 82°42'50""",,Remote Site
Site,U22_S4,U22_S4_SS2,Sub Site 2,?????? ?????? 2,ACME Sub Site 2,Sub Site 2 is located at ACME Area 2,"28.50130638, 75.81288478","22°11'27"", 75°45'23""",,Remote Site
Site,U22_S4,U22_S4_SS3,Sub Site 3,?????? ?????? 3,ACME Sub Site 3,Sub Site 3 is located at ACME Area 3,"29.46858142, 78.43741432","35°11'41"", 75°24'34""",,Remote Site
Site,U22_S4,U22_S4_SS4,Sub Site 4,?????? ?????? 4,ACME Sub Site 4,Sub Site 4 is located at ACME Area 4,"27.53828459, 82.73576534","23°47'56"", 84°42'08""",,Remote Site
Site,U22_S4,U22_S4_SS5,Sub Site 5,?????? ?????? 5,ACME Sub Site 5,Sub Site 5 is located at ACME Area 5,"34.59198374, 75.84304523","24°18'12"", 77°38'11""",,Remote Site
Site,U22_S5,U22_S5_SS1,Sub Site 1,?????? ?????? 1,ACME Sub Site 1,Sub Site 1 is located at ACME Area 1,"24.64017831, 83.14667402","23°33'05"", 87°42'05""",,Remote Site
Site,U22_S5,U22_S5_SS2,Sub Site 2,?????? ?????? 2,ACME Sub Site 2,Sub Site 2 is located at ACME Area 2,"24.24015960, 88.77942968","22°32'32"", 86°08'15""",,Remote Site
Site,U22_S5,U22_S5_SS3,Sub Site 3,?????? ?????? 3,ACME Sub Site 3,Sub Site 3 is located at ACME Area 3,"25.16226759, 85.24990498","35°20'42"", 85°18'03""",,Remote Site
Site,U22_S5,U22_S5_SS4,Sub Site 4,?????? ?????? 4,ACME Sub Site 4,Sub Site 4 is located at ACME Area 4,"22.67384675, 87.85687391","30°21'15"", 79°45'44""",,Remote Site
Site,U22_S5,U22_S5_SS5,Sub Site 5,?????? ?????? 5,ACME Sub Site 5,Sub Site 5 is located at ACME Area 5,"24.65766944, 80.30019574","25°43'52"", 88°24'16""",,Remote Site
Site,U23_S1,U23_S1_SS1,Sub Site 1,?????? ?????? 1,ACME Sub Site 1,Sub Site 1 is located at ACME Area 1,"22.45053200, 77.27711963","28°16'43"", 83°48'41""",,Remote Site
Site,U23_S1,U23_S1_SS2,Sub Site 2,?????? ?????? 2,ACME Sub Site 2,Sub Site 2 is located at ACME Area 2,"29.86258998, 78.45062272","21°50'57"", 81°39'39""",,Remote Site
Site,U23_S1,U23_S1_SS3,Sub Site 3,?????? ?????? 3,ACME Sub Site 3,Sub Site 3 is located at ACME Area 3,"26.50165225, 76.76478629","24°37'14"", 86°31'37""",,Remote Site
Site,U23_S1,U23_S1_SS4,Sub Site 4,?????? ?????? 4,ACME Sub Site 4,Sub Site 4 is located at ACME Area 4,"23.80366037, 81.21517089","22°12'02"", 80°19'12""",,Remote Site
Site,U23_S1,U23_S1_SS5,Sub Site 5,?????? ?????? 5,ACME Sub Site 5,Sub Site 5 is located at ACME Area 5,"33.86922950, 88.24896708","30°44'16"", 88°19'23""",,Remote Site
Site,U23_S2,U23_S2_SS1,Sub Site 1,?????? ?????? 1,ACME Sub Site 1,Sub Site 1 is located at ACME Area 1,"34.56002184, 77.30156118","33°42'47"", 84°52'34""",,Remote Site
Site,U23_S2,U23_S2_SS2,Sub Site 2,?????? ?????? 2,ACME Sub Site 2,Sub Site 2 is located at ACME Area 2,"24.58219450, 85.27703401","26°30'26"", 90°24'08""",,Remote Site
Site,U23_S2,U23_S2_SS3,Sub Site 3,?????? ?????? 3,ACME Sub Site 3,Sub Site 3 is located at ACME Area 3,"33.63008988, 79.79310102","26°21'31"", 76°14'30""",,Remote Site
Site,U23_S2,U23_S2_SS4,Sub Site 4,?????? ?????? 4,ACME Sub Site 4,Sub Site 4 is located at ACME Area 4,"33.20247417, 77.76139905","26°43'21"", 76°12'44""",,Remote Site
Site,U23_S2,U23_S2_SS5,Sub Site 5,?????? ?????? 5,ACME Sub Site 5,Sub Site 5 is located at ACME Area 5,"31.63417631, 88.37276509","22°20'00"", 79°19'37""",,Remote Site
Site,U23_S3,U23_S3_SS1,Sub Site 1,?????? ?????? 1,ACME Sub Site 1,Sub Site 1 is located at ACME Area 1,"24.87029992, 88.74311122","27°19'17"", 85°31'40""",,Remote Site
Site,U23_S3,U23_S3_SS2,Sub Site 2,?????? ?????? 2,ACME Sub Site 2,Sub Site 2 is located at ACME Area 2,"35.72436970, 83.13749141","27°22'07"", 77°35'31""",,Remote Site
Site,U23_S3,U23_S3_SS3,Sub Site 3,?????? ?????? 3,ACME Sub Site 3,Sub Site 3 is located at ACME Area 3,"22.45253112, 88.79913554","26°33'20"", 89°36'55""",,Remote Site
Site,U23_S3,U23_S3_SS4,Sub Site 4,?????? ?????? 4,ACME Sub Site 4,Sub Site 4 is located at ACME Area 4,"24.36906784, 87.13623893","32°25'25"", 80°25'50""",,Remote Site
Site,U23_S3,U23_S3_SS5,Sub Site 5,?????? ?????? 5,ACME Sub Site 5,Sub Site 5 is located at ACME Area 5,"29.43021645, 85.68614128","30°37'45"", 88°51'33""",,Remote Site
Site,U23_S4,U23_S4_SS1,Sub Site 1,?????? ?????? 1,ACME Sub Site 1,Sub Site 1 is located at ACME Area 1,"27.57712335, 75.59840902","33°43'23"", 90°09'27""",,Remote Site
Site,U23_S4,U23_S4_SS2,Sub Site 2,?????? ?????? 2,ACME Sub Site 2,Sub Site 2 is located at ACME Area 2,"25.83050356, 76.27394243","20°15'24"", 84°28'45""",,Remote Site
Site,U23_S4,U23_S4_SS3,Sub Site 3,?????? ?????? 3,ACME Sub Site 3,Sub Site 3 is located at ACME Area 3,"28.43429923, 76.87101766","32°38'37"", 79°16'11""",,Remote Site
Site,U23_S4,U23_S4_SS4,Sub Site 4,?????? ?????? 4,ACME Sub Site 4,Sub Site 4 is located at ACME Area 4,"29.48215982, 90.74993742","25°32'15"", 82°48'30""",,Remote Site
Site,U23_S4,U23_S4_SS5,Sub Site 5,?????? ?????? 5,ACME Sub Site 5,Sub Site 5 is located at ACME Area 5,"20.22882307, 86.83128304","35°19'30"", 88°19'51""",,Remote Site
Site,U23_S5,U23_S5_SS1,Sub Site 1,?????? ?????? 1,ACME Sub Site 1,Sub Site 1 is located at ACME Area 1,"24.71041713, 88.37358647","33°50'26"", 82°44'40""",,Remote Site
Site,U23_S5,U23_S5_SS2,Sub Site 2,?????? ?????? 2,ACME Sub Site 2,Sub Site 2 is located at ACME Area 2,"23.57278482, 85.86043639","24°12'17"", 80°30'17""",,Remote Site
Site,U23_S5,U23_S5_SS3,Sub Site 3,?????? ?????? 3,ACME Sub Site 3,Sub Site 3 is located at ACME Area 3,"35.32582757, 83.84189995","33°14'13"", 84°48'07""",,Remote Site
Site,U23_S5,U23_S5_SS4,Sub Site 4,?????? ?????? 4,ACME Sub Site 4,Sub Site 4 is located at ACME Area 4,"24.65916589, 83.30727246","34°17'38"", 83°29'27""",,Remote Site
Site,U23_S5,U23_S5_SS5,Sub Site 5,?????? ?????? 5,ACME Sub Site 5,Sub Site 5 is located at ACME Area 5,"35.69215990, 81.77953722","32°15'25"", 77°36'13""",,Remote Site
Site,U24_S1,U24_S1_SS1,Sub Site 1,?????? ?????? 1,ACME Sub Site 1,Sub Site 1 is located at ACME Area 1,"22.52419637, 82.69156499","32°47'12"", 79°36'38""",,Remote Site
Site,U24_S1,U24_S1_SS2,Sub Site 2,?????? ?????? 2,ACME Sub Site 2,Sub Site 2 is located at ACME Area 2,"27.17647107, 86.34294111","35°31'06"", 89°39'39""",,Remote Site
Site,U24_S1,U24_S1_SS3,Sub Site 3,?????? ?????? 3,ACME Sub Site 3,Sub Site 3 is located at ACME Area 3,"23.25110244, 77.28413971","26°28'36"", 79°51'54""",,Remote Site
Site,U24_S1,U24_S1_SS4,Sub Site 4,?????? ?????? 4,ACME Sub Site 4,Sub Site 4 is located at ACME Area 4,"33.85961749, 81.87552184","25°42'37"", 82°28'38""",,Remote Site
Site,U24_S1,U24_S1_SS5,Sub Site 5,?????? ?????? 5,ACME Sub Site 5,Sub Site 5 is located at ACME Area 5,"34.32667688, 77.73419773","31°12'46"", 86°10'47""",,Remote Site
Site,U24_S2,U24_S2_SS1,Sub Site 1,?????? ?????? 1,ACME Sub Site 1,Sub Site 1 is located at ACME Area 1,"22.56431110, 76.82369192","32°21'27"", 78°49'00""",,Remote Site
Site,U24_S2,U24_S2_SS2,Sub Site 2,?????? ?????? 2,ACME Sub Site 2,Sub Site 2 is located at ACME Area 2,"27.13277494, 76.24763887","28°49'44"", 84°37'45""",,Remote Site
Site,U24_S2,U24_S2_SS3,Sub Site 3,?????? ?????? 3,ACME Sub Site 3,Sub Site 3 is located at ACME Area 3,"25.29146927, 78.85238456","26°43'24"", 86°27'59""",,Remote Site
Site,U24_S2,U24_S2_SS4,Sub Site 4,?????? ?????? 4,ACME Sub Site 4,Sub Site 4 is located at ACME Area 4,"23.67615502, 89.57122889","26°12'08"", 89°14'51""",,Remote Site
Site,U24_S2,U24_S2_SS5,Sub Site 5,?????? ?????? 5,ACME Sub Site 5,Sub Site 5 is located at ACME Area 5,"31.69584371, 90.74696600","29°40'04"", 78°22'28""",,Remote Site
Site,U24_S3,U24_S3_SS1,Sub Site 1,?????? ?????? 1,ACME Sub Site 1,Sub Site 1 is located at ACME Area 1,"26.19300837, 86.68504815","32°42'23"", 84°29'41""",,Remote Site
Site,U24_S3,U24_S3_SS2,Sub Site 2,?????? ?????? 2,ACME Sub Site 2,Sub Site 2 is located at ACME Area 2,"34.40635877, 84.37369219","30°38'46"", 78°33'11""",,Remote Site
Site,U24_S3,U24_S3_SS3,Sub Site 3,?????? ?????? 3,ACME Sub Site 3,Sub Site 3 is located at ACME Area 3,"32.47114989, 76.74554266","31°17'58"", 76°32'27""",,Remote Site
Site,U24_S3,U24_S3_SS4,Sub Site 4,?????? ?????? 4,ACME Sub Site 4,Sub Site 4 is located at ACME Area 4,"26.70591669, 90.24078085","25°08'09"", 88°12'03""",,Remote Site
Site,U24_S3,U24_S3_SS5,Sub Site 5,?????? ?????? 5,ACME Sub Site 5,Sub Site 5 is located at ACME Area 5,"22.44397268, 83.81329450","23°48'48"", 78°29'50""",,Remote Site
Site,U24_S4,U24_S4_SS1,Sub Site 1,?????? ?????? 1,ACME Sub Site 1,Sub Site 1 is located at ACME Area 1,"25.73822591, 85.78920138","20°51'34"", 88°50'46""",,Remote Site
Site,U24_S4,U24_S4_SS2,Sub Site 2,?????? ?????? 2,ACME Sub Site 2,Sub Site 2 is located at ACME Area 2,"23.84600226, 80.67981293","25°08'17"", 87°29'18""",,Remote Site
Site,U24_S4,U24_S4_SS3,Sub Site 3,?????? ?????? 3,ACME Sub Site 3,Sub Site 3 is located at ACME Area 3,"29.42472037, 77.56404780","28°43'03"", 86°28'55""",,Remote Site
Site,U24_S4,U24_S4_SS4,Sub Site 4,?????? ?????? 4,ACME Sub Site 4,Sub Site 4 is located at ACME Area 4,"33.63589883, 77.85918683","29°11'55"", 77°51'49""",,Remote Site
Site,U24_S4,U24_S4_SS5,Sub Site 5,?????? ?????? 5,ACME Sub Site 5,Sub Site 5 is located at ACME Area 5,"30.35374767, 85.69879127","27°35'41"", 79°10'39""",,Remote Site
Site,U24_S5,U24_S5_SS1,Sub Site 1,?????? ?????? 1,ACME Sub Site 1,Sub Site 1 is located at ACME Area 1,"20.77032155, 81.16280197","29°28'06"", 88°33'16""",,Remote Site
Site,U24_S5,U24_S5_SS2,Sub Site 2,?????? ?????? 2,ACME Sub Site 2,Sub Site 2 is located at ACME Area 2,"20.63161071, 77.85204886","21°26'13"", 84°08'40""",,Remote Site
Site,U24_S5,U24_S5_SS3,Sub Site 3,?????? ?????? 3,ACME Sub Site 3,Sub Site 3 is located at ACME Area 3,"27.34174938, 87.72950742","23°17'11"", 83°23'18""",,Remote Site
Site,U24_S5,U24_S5_SS4,Sub Site 4,?????? ?????? 4,ACME Sub Site 4,Sub Site 4 is located at ACME Area 4,"29.21328389, 89.65024197","28°19'32"", 81°43'51""",,Remote Site
Site,U24_S5,U24_S5_SS5,Sub Site 5,?????? ?????? 5,ACME Sub Site 5,Sub Site 5 is located at ACME Area 5,"24.86280225, 77.25040411","27°28'59"", 90°24'59""",,Remote Site
Site,U25_S1,U25_S1_SS1,Sub Site 1,?????? ?????? 1,ACME Sub Site 1,Sub Site 1 is located at ACME Area 1,"35.42408024, 83.13566311","21°09'28"", 77°30'16""",,Remote Site
Site,U25_S1,U25_S1_SS2,Sub Site 2,?????? ?????? 2,ACME Sub Site 2,Sub Site 2 is located at ACME Area 2,"25.42602168, 88.60017907","20°20'14"", 78°23'24""",,Remote Site
Site,U25_S1,U25_S1_SS3,Sub Site 3,?????? ?????? 3,ACME Sub Site 3,Sub Site 3 is located at ACME Area 3,"22.46796982, 82.23658827","20°15'46"", 76°45'33""",,Remote Site
Site,U25_S1,U25_S1_SS4,Sub Site 4,?????? ?????? 4,ACME Sub Site 4,Sub Site 4 is located at ACME Area 4,"21.77315806, 76.37836168","26°34'47"", 81°51'32""",,Remote Site
Site,U25_S1,U25_S1_SS5,Sub Site 5,?????? ?????? 5,ACME Sub Site 5,Sub Site 5 is located at ACME Area 5,"35.40827890, 75.44713341","35°43'21"", 77°30'21""",,Remote Site
Site,U25_S2,U25_S2_SS1,Sub Site 1,?????? ?????? 1,ACME Sub Site 1,Sub Site 1 is located at ACME Area 1,"26.33534993, 82.15472942","30°49'06"", 88°46'10""",,Remote Site
Site,U25_S2,U25_S2_SS2,Sub Site 2,?????? ?????? 2,ACME Sub Site 2,Sub Site 2 is located at ACME Area 2,"21.72142847, 79.52848023","27°11'59"", 83°15'44""",,Remote Site
Site,U25_S2,U25_S2_SS3,Sub Site 3,?????? ?????? 3,ACME Sub Site 3,Sub Site 3 is located at ACME Area 3,"30.83531506, 76.77773687","28°36'08"", 87°20'53""",,Remote Site
Site,U25_S2,U25_S2_SS4,Sub Site 4,?????? ?????? 4,ACME Sub Site 4,Sub Site 4 is located at ACME Area 4,"30.86346816, 89.72853731","27°19'41"", 85°17'37""",,Remote Site
Site,U25_S2,U25_S2_SS5,Sub Site 5,?????? ?????? 5,ACME Sub Site 5,Sub Site 5 is located at ACME Area 5,"26.24582383, 76.72039548","23°32'49"", 82°25'44""",,Remote Site
Site,U25_S3,U25_S3_SS1,Sub Site 1,?????? ?????? 1,ACME Sub Site 1,Sub Site 1 is located at ACME Area 1,"21.37900828, 76.30148984","25°48'21"", 80°15'02""",,Remote Site
Site,U25_S3,U25_S3_SS2,Sub Site 2,?????? ?????? 2,ACME Sub Site 2,Sub Site 2 is located at ACME Area 2,"25.76585619, 83.50786082","24°09'28"", 78°52'05""",,Remote Site
Site,U25_S3,U25_S3_SS3,Sub Site 3,?????? ?????? 3,ACME Sub Site 3,Sub Site 3 is located at ACME Area 3,"25.83814007, 83.20114336","21°12'30"", 76°36'12""",,Remote Site
Site,U25_S3,U25_S3_SS4,Sub Site 4,?????? ?????? 4,ACME Sub Site 4,Sub Site 4 is located at ACME Area 4,"24.73342735, 75.63397424","20°22'27"", 79°45'55""",,Remote Site
Site,U25_S3,U25_S3_SS5,Sub Site 5,?????? ?????? 5,ACME Sub Site 5,Sub Site 5 is located at ACME Area 5,"25.20079258, 79.84461534","27°37'42"", 81°26'46""",,Remote Site
Site,U25_S4,U25_S4_SS1,Sub Site 1,?????? ?????? 1,ACME Sub Site 1,Sub Site 1 is located at ACME Area 1,"32.60077789, 81.71318349","31°18'04"", 86°24'23""",,Remote Site
Site,U25_S4,U25_S4_SS2,Sub Site 2,?????? ?????? 2,ACME Sub Site 2,Sub Site 2 is located at ACME Area 2,"24.81360727, 75.28613736","32°12'20"", 87°40'31""",,Remote Site
Site,U25_S4,U25_S4_SS3,Sub Site 3,?????? ?????? 3,ACME Sub Site 3,Sub Site 3 is located at ACME Area 3,"31.20030800, 75.37255445","32°09'48"", 80°20'13""",,Remote Site
Site,U25_S4,U25_S4_SS4,Sub Site 4,?????? ?????? 4,ACME Sub Site 4,Sub Site 4 is located at ACME Area 4,"28.41283574, 83.23233238","21°32'52"", 81°52'01""",,Remote Site
Site,U25_S4,U25_S4_SS5,Sub Site 5,?????? ?????? 5,ACME Sub Site 5,Sub Site 5 is located at ACME Area 5,"26.18290490, 80.71423742","26°39'56"", 87°49'58""",,Remote Site
Site,U25_S5,U25_S5_SS1,Sub Site 1,?????? ?????? 1,ACME Sub Site 1,Sub Site 1 is located at ACME Area 1,"25.68472057, 83.62345491","22°27'04"", 79°11'30""",,Remote Site
Site,U25_S5,U25_S5_SS2,Sub Site 2,?????? ?????? 2,ACME Sub Site 2,Sub Site 2 is located at ACME Area 2,"21.64477632, 83.39427083","28°23'34"", 75°48'51""",,Remote Site
Site,U25_S5,U25_S5_SS3,Sub Site 3,?????? ?????? 3,ACME Sub Site 3,Sub Site 3 is located at ACME Area 3,"25.24625664, 89.38476956","27°22'28"", 81°49'55""",,Remote Site
Site,U25_S5,U25_S5_SS4,Sub Site 4,?????? ?????? 4,ACME Sub Site 4,Sub Site 4 is located at ACME Area 4,"29.50937544, 83.34080733","32°30'50"", 79°51'13""",,Remote Site
Site,U25_S5,U25_S5_SS5,Sub Site 5,?????? ?????? 5,ACME Sub Site 5,Sub Site 5 is located at ACME Area 5,"21.34990732, 84.23927586","24°23'31"", 75°08'31""",,Remote Site
